countryCode,countryOrTerritory,primaryAudience,geminiListed,appleStoreListed,googleFreeApps,googlePurchases,privacyReview,localContactCheck,countryChecks,nationalReviewReference,unctadPrivacyLawStatus,unctadConsumerLawStatus,unctadCybercrimeLawStatus,unctadSnapshot,providerCheckedOn,releaseApproval
AD,Andorra,False,True,False,rest-of-world-list,not-available-in-table,legislation-inventory-only,Country-specific foreign representative/DPO/contact requirement not yet verified,No compliance clearance from law-existence or provider listing; country-specific application remains open,WORLDWIDE_COVERAGE_FINDINGS.md#what-was-checked,Legislation,No Legislation,Legislation,2026-09-09,2026-10-06,not-attested
AE,United Arab Emirates,False,True,True,listed,listed,national-requirements-reviewed-application-open,Health ICT/PDPL responsible contact and authority exception need classification,Covered health-service data foreign storage/processing restrictions; actual statutory exception required,WORLDWIDE_COVERAGE_FINDINGS.md#middle-east-and-africa,Legislation,Legislation,Legislation,2026-09-09,2026-10-06,not-attested
AF,Afghanistan,False,False,True,rest-of-world-list,not-available-in-table,legislation-inventory-only,Country-specific foreign representative/DPO/contact requirement not yet verified,No compliance clearance from law-existence or provider listing; country-specific application remains open,WORLDWIDE_COVERAGE_FINDINGS.md#what-was-checked,No Legislation,No Legislation,Legislation,2026-09-09,2026-10-06,not-attested
AG,Antigua and Barbuda,False,True,True,listed,listed,legislation-inventory-only,Country-specific foreign representative/DPO/contact requirement not yet verified,No compliance clearance from law-existence or provider listing; country-specific application remains open,WORLDWIDE_COVERAGE_FINDINGS.md#what-was-checked,Legislation,Legislation,Legislation,2026-09-09,2026-10-06,not-attested
AI,Anguilla,False,True,True,rest-of-world-list,not-available-in-table,territory-specific-law-review-open,Country-specific foreign representative/DPO/contact requirement not yet verified,No compliance clearance from law-existence or provider listing; country-specific application remains open,WORLDWIDE_COVERAGE_FINDINGS.md#what-was-checked,no-country-row-territory-review-open,no-country-row-territory-review-open,no-country-row-territory-review-open,,2026-10-06,not-attested
AL,Albania,False,True,True,listed,listed,national-requirements-reviewed-application-open,Albanian representative under Article 25 when foreign scope applies and no exception,Law 124/2024 foreign targeting; sensitive-data and transfer safeguards,WORLDWIDE_COVERAGE_FINDINGS.md#primary-markets-and-europe,Legislation,Legislation,Legislation,2026-09-09,2026-10-06,not-attested
AM,Armenia,False,True,True,listed,listed,legislation-inventory-only,Country-specific foreign representative/DPO/contact requirement not yet verified,No compliance clearance from law-existence or provider listing; country-specific application remains open,WORLDWIDE_COVERAGE_FINDINGS.md#what-was-checked,Legislation,No Legislation,Legislation,2026-09-09,2026-10-06,not-attested
AO,Angola,False,True,True,listed,listed,legislation-inventory-only,Country-specific foreign representative/DPO/contact requirement not yet verified,No compliance clearance from law-existence or provider listing; country-specific application remains open,WORLDWIDE_COVERAGE_FINDINGS.md#what-was-checked,Legislation,No Legislation,Legislation,2026-09-09,2026-10-06,not-attested
AQ,Antarctica,False,True,False,rest-of-world-list,not-available-in-table,territory-specific-law-review-open,Country-specific foreign representative/DPO/contact requirement not yet verified,No compliance clearance from law-existence or provider listing; country-specific application remains open,WORLDWIDE_COVERAGE_FINDINGS.md#what-was-checked,no-country-row-territory-review-open,no-country-row-territory-review-open,no-country-row-territory-review-open,,2026-10-06,not-attested
AR,Argentina,False,True,True,listed,listed,national-requirements-reviewed-application-open,Controller contact and database duties need scope decision,Resolve health basis under Articles 7-8; approved transfer route,WORLDWIDE_COVERAGE_FINDINGS.md#additional-americas,Legislation,Legislation,Legislation,2026-09-09,2026-10-06,not-attested
AS,American Samoa,False,True,False,not-individually-verified,not-individually-verified,territory-specific-law-review-open,Country-specific foreign representative/DPO/contact requirement not yet verified,No compliance clearance from law-existence or provider listing; country-specific application remains open,WORLDWIDE_COVERAGE_FINDINGS.md#what-was-checked,no-country-row-territory-review-open,no-country-row-territory-review-open,no-country-row-territory-review-open,,2026-10-06,not-attested
AT,Austria,False,True,True,listed,listed,EEA-framework-reviewed-national-extras-open,EEA representative if foreign targeting without exemption; DPO statutory and national triggers,GDPR health basis; processor and transfer safeguards; national health/DPO/language details open,WORLDWIDE_COVERAGE_FINDINGS.md#primary-markets-and-europe,Legislation,Legislation,Legislation,2026-09-09,2026-10-06,not-attested
AU,Australia,True,True,True,listed,listed,primary-requirements-reviewed-operator-facts-open,Responsible privacy/incident contact; no blanket foreign local-representative duty established,Health-service and Australian-link scope; APP8 use/disclosure; NDB operations,WORLDWIDE_COVERAGE_FINDINGS.md#primary-markets-and-europe,Legislation,Legislation,Legislation,2026-09-09,2026-10-06,not-attested
AW,Aruba,False,True,False,listed,listed,territory-specific-law-review-open,Country-specific foreign representative/DPO/contact requirement not yet verified,No compliance clearance from law-existence or provider listing; country-specific application remains open,WORLDWIDE_COVERAGE_FINDINGS.md#what-was-checked,no-country-row-territory-review-open,no-country-row-territory-review-open,no-country-row-territory-review-open,,2026-10-06,not-attested
AX,Åland Islands,False,True,False,not-individually-verified,not-individually-verified,territory-specific-law-review-open,Country-specific foreign representative/DPO/contact requirement not yet verified,No compliance clearance from law-existence or provider listing; country-specific application remains open,WORLDWIDE_COVERAGE_FINDINGS.md#what-was-checked,no-country-row-territory-review-open,no-country-row-territory-review-open,no-country-row-territory-review-open,,2026-10-06,not-attested
AZ,Azerbaijan,False,True,True,listed,listed,legislation-inventory-only,Country-specific foreign representative/DPO/contact requirement not yet verified,No compliance clearance from law-existence or provider listing; country-specific application remains open,WORLDWIDE_COVERAGE_FINDINGS.md#what-was-checked,Legislation,Legislation,Legislation,2026-09-09,2026-10-06,not-attested
BA,Bosnia and Herzegovina,False,True,True,listed,listed,legislation-inventory-only,Country-specific foreign representative/DPO/contact requirement not yet verified,No compliance clearance from law-existence or provider listing; country-specific application remains open,WORLDWIDE_COVERAGE_FINDINGS.md#what-was-checked,Legislation,No Data,Legislation,2026-09-09,2026-10-06,not-attested
BB,Barbados,False,True,True,rest-of-world-list,not-available-in-table,legislation-inventory-only,Country-specific foreign representative/DPO/contact requirement not yet verified,No compliance clearance from law-existence or provider listing; country-specific application remains open,WORLDWIDE_COVERAGE_FINDINGS.md#what-was-checked,Legislation,No Legislation,Legislation,2026-09-09,2026-10-06,not-attested
BD,Bangladesh,False,True,False,listed,listed,current-law-change-identified-fulltext-review-open,Current foreign/contact scope unresolved,April 2026 Act replaces ordinance-only review; storage/transfer and commencement not cleared,WORLDWIDE_COVERAGE_FINDINGS.md#asia-and-pacific,Draft Legislation,Legislation,Legislation,2026-09-09,2026-10-06,not-attested
BE,Belgium,False,True,True,listed,listed,EEA-framework-reviewed-national-extras-open,EEA representative if foreign targeting without exemption; DPO statutory and national triggers,GDPR health basis; processor and transfer safeguards; national health/DPO/language details open,WORLDWIDE_COVERAGE_FINDINGS.md#primary-markets-and-europe,Legislation,Legislation,Legislation,2026-09-09,2026-10-06,not-attested
BF,Burkina Faso,False,True,True,listed,listed,legislation-inventory-only,Country-specific foreign representative/DPO/contact requirement not yet verified,No compliance clearance from law-existence or provider listing; country-specific application remains open,WORLDWIDE_COVERAGE_FINDINGS.md#what-was-checked,Legislation,No Legislation,Legislation,2026-09-09,2026-10-06,not-attested
BG,Bulgaria,False,True,True,listed,listed,EEA-framework-reviewed-national-extras-open,EEA representative if foreign targeting without exemption; DPO statutory and national triggers,GDPR health basis; processor and transfer safeguards; national health/DPO/language details open,WORLDWIDE_COVERAGE_FINDINGS.md#primary-markets-and-europe,Legislation,Legislation,Legislation,2026-09-09,2026-10-06,not-attested
BH,Bahrain,False,True,True,listed,listed,transfer-requirements-reviewed-national-scope-open,Foreign controller/contact scope unresolved,Approved destinations or authorized alternative transfer; no India adequacy assumption,WORLDWIDE_COVERAGE_FINDINGS.md#middle-east-and-africa,Legislation,Legislation,Legislation,2026-09-09,2026-10-06,not-attested
BI,Burundi,False,True,False,rest-of-world-list,not-available-in-table,legislation-inventory-only,Country-specific foreign representative/DPO/contact requirement not yet verified,No compliance clearance from law-existence or provider listing; country-specific application remains open,WORLDWIDE_COVERAGE_FINDINGS.md#what-was-checked,No Legislation,No Legislation,Legislation,2026-09-09,2026-10-06,not-attested
BJ,Benin,False,True,True,listed,listed,legislation-inventory-only,Country-specific foreign representative/DPO/contact requirement not yet verified,No compliance clearance from law-existence or provider listing; country-specific application remains open,WORLDWIDE_COVERAGE_FINDINGS.md#what-was-checked,Legislation,Legislation,Legislation,2026-09-09,2026-10-06,not-attested
BL,Saint Barthélemy,False,True,False,not-individually-verified,not-individually-verified,territory-specific-law-review-open,Country-specific foreign representative/DPO/contact requirement not yet verified,No compliance clearance from law-existence or provider listing; country-specific application remains open,WORLDWIDE_COVERAGE_FINDINGS.md#what-was-checked,no-country-row-territory-review-open,no-country-row-territory-review-open,no-country-row-territory-review-open,,2026-10-06,not-attested
BM,Bermuda,False,True,True,listed,listed,territory-specific-law-review-open,Country-specific foreign representative/DPO/contact requirement not yet verified,No compliance clearance from law-existence or provider listing; country-specific application remains open,WORLDWIDE_COVERAGE_FINDINGS.md#what-was-checked,no-country-row-territory-review-open,no-country-row-territory-review-open,no-country-row-territory-review-open,,2026-10-06,not-attested
BN,Brunei Darussalam,False,True,True,rest-of-world-list,not-available-in-table,legislation-inventory-only,Country-specific foreign representative/DPO/contact requirement not yet verified,No compliance clearance from law-existence or provider listing; country-specific application remains open,WORLDWIDE_COVERAGE_FINDINGS.md#what-was-checked,No Legislation,Legislation,Legislation,2026-09-09,2026-10-06,not-attested
BO,Bolivia,False,True,True,listed,listed,legislation-inventory-only,Country-specific foreign representative/DPO/contact requirement not yet verified,No compliance clearance from law-existence or provider listing; country-specific application remains open,WORLDWIDE_COVERAGE_FINDINGS.md#what-was-checked,Legislation,No Legislation,No Legislation,2026-09-09,2026-10-06,not-attested
BQ,"Bonaire, Sint Eustatius and Saba",False,True,False,rest-of-world-list,not-available-in-table,territory-specific-law-review-open,Country-specific foreign representative/DPO/contact requirement not yet verified,No compliance clearance from law-existence or provider listing; country-specific application remains open,WORLDWIDE_COVERAGE_FINDINGS.md#what-was-checked,no-country-row-territory-review-open,no-country-row-territory-review-open,no-country-row-territory-review-open,,2026-10-06,not-attested
BR,Brazil,True,True,True,listed,listed,primary-requirements-reviewed-operator-facts-open,Encarregado or justified small-agent exemption with accessible contact,Sensitive health consent; ANPD transfer mechanism; high-risk exemption test,WORLDWIDE_COVERAGE_FINDINGS.md#primary-markets-and-europe,Legislation,Legislation,Legislation,2026-09-09,2026-10-06,not-attested
BS,Bahamas,False,True,True,listed,listed,legislation-inventory-only,Country-specific foreign representative/DPO/contact requirement not yet verified,No compliance clearance from law-existence or provider listing; country-specific application remains open,WORLDWIDE_COVERAGE_FINDINGS.md#what-was-checked,Legislation,Draft Legislation,Legislation,2026-09-09,2026-10-06,not-attested
BT,Bhutan,False,True,True,rest-of-world-list,not-available-in-table,legislation-inventory-only,Country-specific foreign representative/DPO/contact requirement not yet verified,No compliance clearance from law-existence or provider listing; country-specific application remains open,WORLDWIDE_COVERAGE_FINDINGS.md#what-was-checked,Legislation,No Data,Legislation,2026-09-09,2026-10-06,not-attested
BV,Bouvet Island,False,False,False,rest-of-world-list,not-available-in-table,territory-specific-law-review-open,Country-specific foreign representative/DPO/contact requirement not yet verified,No compliance clearance from law-existence or provider listing; country-specific application remains open,WORLDWIDE_COVERAGE_FINDINGS.md#what-was-checked,no-country-row-territory-review-open,no-country-row-territory-review-open,no-country-row-territory-review-open,,2026-10-06,not-attested
BW,Botswana,False,True,True,listed,listed,legislation-inventory-only,Country-specific foreign representative/DPO/contact requirement not yet verified,No compliance clearance from law-existence or provider listing; country-specific application remains open,WORLDWIDE_COVERAGE_FINDINGS.md#what-was-checked,Legislation,Legislation,Legislation,2026-09-09,2026-10-06,not-attested
BY,Belarus,False,False,True,listed,billing-help-restriction-conflict,legislation-inventory-only,Country-specific foreign representative/DPO/contact requirement not yet verified,No compliance clearance from law-existence or provider listing; country-specific application remains open,WORLDWIDE_COVERAGE_FINDINGS.md#what-was-checked,Legislation,Legislation,Legislation,2026-09-09,2026-10-06,not-attested
BZ,Belize,False,True,True,listed,listed,legislation-inventory-only,Country-specific foreign representative/DPO/contact requirement not yet verified,No compliance clearance from law-existence or provider listing; country-specific application remains open,WORLDWIDE_COVERAGE_FINDINGS.md#what-was-checked,Legislation,No Data,Legislation,2026-09-09,2026-10-06,not-attested
CA,Canada,False,True,True,listed,listed,national-requirements-reviewed-application-open,Accountable privacy person; Quebec published responsible contact when applicable,PIPEDA foreign connection; sensitive consent; Quebec PIA before foreign communication,WORLDWIDE_COVERAGE_FINDINGS.md#additional-americas,Legislation,Legislation,Legislation,2026-09-09,2026-10-06,not-attested
CC,Cocos (Keeling) Islands,False,True,False,rest-of-world-list,not-available-in-table,territory-specific-law-review-open,Country-specific foreign representative/DPO/contact requirement not yet verified,No compliance clearance from law-existence or provider listing; country-specific application remains open,WORLDWIDE_COVERAGE_FINDINGS.md#what-was-checked,no-country-row-territory-review-open,no-country-row-territory-review-open,no-country-row-territory-review-open,,2026-10-06,not-attested
CD,The Democratic Republic of the Congo,False,True,True,listed,listed,legislation-inventory-only,Country-specific foreign representative/DPO/contact requirement not yet verified,No compliance clearance from law-existence or provider listing; country-specific application remains open,WORLDWIDE_COVERAGE_FINDINGS.md#what-was-checked,Legislation,Legislation,Legislation,2026-09-09,2026-10-06,not-attested
CF,Central African Republic,False,True,False,rest-of-world-list,not-available-in-table,legislation-inventory-only,Country-specific foreign representative/DPO/contact requirement not yet verified,No compliance clearance from law-existence or provider listing; country-specific application remains open,WORLDWIDE_COVERAGE_FINDINGS.md#what-was-checked,No Legislation,No Data,No Legislation,2026-09-09,2026-10-06,not-attested
CG,Congo,False,True,True,listed,listed,legislation-inventory-only,Country-specific foreign representative/DPO/contact requirement not yet verified,No compliance clearance from law-existence or provider listing; country-specific application remains open,WORLDWIDE_COVERAGE_FINDINGS.md#what-was-checked,Legislation,No Legislation,Legislation,2026-09-09,2026-10-06,not-attested
CH,Switzerland,True,True,True,listed,listed,primary-requirements-reviewed-operator-facts-open,Swiss representative only on cumulative FADP conditions,Extensive regular high-risk foreign processing test; overseas safeguards,WORLDWIDE_COVERAGE_FINDINGS.md#primary-markets-and-europe,Legislation,Legislation,Legislation,2026-09-09,2026-10-06,not-attested
CI,Côte d'Ivoire,False,True,True,listed,listed,legislation-inventory-only,Country-specific foreign representative/DPO/contact requirement not yet verified,No compliance clearance from law-existence or provider listing; country-specific application remains open,WORLDWIDE_COVERAGE_FINDINGS.md#what-was-checked,Legislation,Legislation,Legislation,2026-09-09,2026-10-06,not-attested
CK,Cook Islands,False,True,False,rest-of-world-list,not-available-in-table,territory-specific-law-review-open,Country-specific foreign representative/DPO/contact requirement not yet verified,No compliance clearance from law-existence or provider listing; country-specific application remains open,WORLDWIDE_COVERAGE_FINDINGS.md#what-was-checked,no-country-row-territory-review-open,no-country-row-territory-review-open,no-country-row-territory-review-open,,2026-10-06,not-attested
CL,Chile,False,True,True,listed,listed,national-requirements-reviewed-transition-open,Operative foreign contact route under forthcoming law; no blanket local-representative mandate asserted,Current law and Law 21719 transition on 1 December 2026,WORLDWIDE_COVERAGE_FINDINGS.md#additional-americas,Legislation,Legislation,Legislation,2026-09-09,2026-10-06,not-attested
CM,Cameroon,False,True,True,listed,listed,legislation-inventory-only,Country-specific foreign representative/DPO/contact requirement not yet verified,No compliance clearance from law-existence or provider listing; country-specific application remains open,WORLDWIDE_COVERAGE_FINDINGS.md#what-was-checked,Legislation,Legislation,Legislation,2026-09-09,2026-10-06,not-attested
CN,China,False,False,True,listed,not-available-in-table,national-requirements-reviewed-provider-unlisted,PIPL Article 53 representative when foreign scope applies,Gemini unlisted; Play purchases unavailable; Apple ICP; health/transfer conditions,WORLDWIDE_COVERAGE_FINDINGS.md#asia-and-pacific,Legislation,Legislation,Legislation,2026-09-09,2026-10-06,not-attested
CO,Colombia,False,True,True,listed,listed,national-requirements-reviewed-application-open,Rights contact; actual registration duty needs scope decision,Defined foreign scope; sensitive authorization; transfer versus processor transmission,WORLDWIDE_COVERAGE_FINDINGS.md#additional-americas,Legislation,Legislation,Legislation,2026-09-09,2026-10-06,not-attested
CQ,Sark,False,False,False,not-individually-verified,not-individually-verified,territory-specific-law-review-open,Country-specific foreign representative/DPO/contact requirement not yet verified,No compliance clearance from law-existence or provider listing; country-specific application remains open,WORLDWIDE_COVERAGE_FINDINGS.md#what-was-checked,no-country-row-territory-review-open,no-country-row-territory-review-open,no-country-row-territory-review-open,,2026-10-06,not-attested
CR,Costa Rica,False,True,True,listed,listed,legislation-inventory-only,Country-specific foreign representative/DPO/contact requirement not yet verified,No compliance clearance from law-existence or provider listing; country-specific application remains open,WORLDWIDE_COVERAGE_FINDINGS.md#what-was-checked,Legislation,Legislation,Legislation,2026-09-09,2026-10-06,not-attested
CU,Cuba,False,False,False,listed,not-available-in-table,legislation-inventory-only,Country-specific foreign representative/DPO/contact requirement not yet verified,No compliance clearance from law-existence or provider listing; country-specific application remains open,WORLDWIDE_COVERAGE_FINDINGS.md#what-was-checked,Legislation,No Legislation,Legislation,2026-09-09,2026-10-06,not-attested
CV,Cabo Verde,False,True,True,listed,listed,legislation-inventory-only,Country-specific foreign representative/DPO/contact requirement not yet verified,No compliance clearance from law-existence or provider listing; country-specific application remains open,WORLDWIDE_COVERAGE_FINDINGS.md#what-was-checked,Legislation,No Legislation,Legislation,2026-09-09,2026-10-06,not-attested
CW,Curaçao,False,True,False,rest-of-world-list,not-available-in-table,territory-specific-law-review-open,Country-specific foreign representative/DPO/contact requirement not yet verified,No compliance clearance from law-existence or provider listing; country-specific application remains open,WORLDWIDE_COVERAGE_FINDINGS.md#what-was-checked,no-country-row-territory-review-open,no-country-row-territory-review-open,no-country-row-territory-review-open,,2026-10-06,not-attested
CX,Christmas Island,False,True,False,rest-of-world-list,not-available-in-table,territory-specific-law-review-open,Country-specific foreign representative/DPO/contact requirement not yet verified,No compliance clearance from law-existence or provider listing; country-specific application remains open,WORLDWIDE_COVERAGE_FINDINGS.md#what-was-checked,no-country-row-territory-review-open,no-country-row-territory-review-open,no-country-row-territory-review-open,,2026-10-06,not-attested
CY,Cyprus,False,True,True,listed,listed,EEA-framework-reviewed-national-extras-open,EEA representative if foreign targeting without exemption; DPO statutory and national triggers,GDPR health basis; processor and transfer safeguards; national health/DPO/language details open,WORLDWIDE_COVERAGE_FINDINGS.md#primary-markets-and-europe,Legislation,No Legislation,Legislation,2026-09-09,2026-10-06,not-attested
CZ,Czechia,False,True,True,listed,listed,EEA-framework-reviewed-national-extras-open,EEA representative if foreign targeting without exemption; DPO statutory and national triggers,GDPR health basis; processor and transfer safeguards; national health/DPO/language details open,WORLDWIDE_COVERAGE_FINDINGS.md#primary-markets-and-europe,Legislation,Legislation,Legislation,2026-09-09,2026-10-06,not-attested
DE,Germany,True,True,True,listed,listed,primary-national-requirements-reviewed-application-open,EEA representative if foreign targeting; DPO under applicable GDPR/BDSG triggers,BDSG scope; mandatory DPIA and section 38 DPO; overseas safeguards,WORLDWIDE_COVERAGE_FINDINGS.md#primary-markets-and-europe,Legislation,Legislation,Legislation,2026-09-09,2026-10-06,not-attested
DJ,Djibouti,False,True,False,listed,listed,legislation-inventory-only,Country-specific foreign representative/DPO/contact requirement not yet verified,No compliance clearance from law-existence or provider listing; country-specific application remains open,WORLDWIDE_COVERAGE_FINDINGS.md#what-was-checked,No Legislation,No Legislation,Legislation,2026-09-09,2026-10-06,not-attested
DK,Denmark,False,True,True,listed,listed,EEA-framework-reviewed-national-extras-open,EEA representative if foreign targeting without exemption; DPO statutory and national triggers,GDPR health basis; processor and transfer safeguards; national health/DPO/language details open,WORLDWIDE_COVERAGE_FINDINGS.md#primary-markets-and-europe,Legislation,Legislation,Legislation,2026-09-09,2026-10-06,not-attested
DM,Dominica,False,True,True,listed,listed,legislation-inventory-only,Country-specific foreign representative/DPO/contact requirement not yet verified,No compliance clearance from law-existence or provider listing; country-specific application remains open,WORLDWIDE_COVERAGE_FINDINGS.md#what-was-checked,No Legislation,No Legislation,Legislation,2026-09-09,2026-10-06,not-attested
DO,Dominican Republic,False,True,True,listed,listed,legislation-inventory-only,Country-specific foreign representative/DPO/contact requirement not yet verified,No compliance clearance from law-existence or provider listing; country-specific application remains open,WORLDWIDE_COVERAGE_FINDINGS.md#what-was-checked,Legislation,Legislation,Legislation,2026-09-09,2026-10-06,not-attested
DZ,Algeria,False,True,True,listed,listed,legislation-inventory-only,Country-specific foreign representative/DPO/contact requirement not yet verified,No compliance clearance from law-existence or provider listing; country-specific application remains open,WORLDWIDE_COVERAGE_FINDINGS.md#what-was-checked,Legislation,Legislation,Legislation,2026-09-09,2026-10-06,not-attested
EC,Ecuador,False,True,True,listed,listed,national-requirements-reviewed-application-open,Foreign apoderado and DPO are separate scope decisions,Current SPDP representation/health DPO and transfer rules,WORLDWIDE_COVERAGE_FINDINGS.md#additional-americas,Legislation,Legislation,Legislation,2026-09-09,2026-10-06,not-attested
EE,Estonia,False,True,True,listed,listed,EEA-framework-reviewed-national-extras-open,EEA representative if foreign targeting without exemption; DPO statutory and national triggers,GDPR health basis; processor and transfer safeguards; national health/DPO/language details open,WORLDWIDE_COVERAGE_FINDINGS.md#primary-markets-and-europe,Legislation,Legislation,Legislation,2026-09-09,2026-10-06,not-attested
EG,Egypt,False,True,True,listed,listed,statutory-framework-identified-implementation-open,Current sensitive permit/licensing and foreign representative/DPO application unresolved,Current implementation dates and regulator instruments needed; no unverified 2026 deadline asserted,WORLDWIDE_COVERAGE_FINDINGS.md#middle-east-and-africa,Legislation,Legislation,Legislation,2026-09-09,2026-10-06,not-attested
EH,Western Sahara,False,True,False,rest-of-world-list,not-available-in-table,territory-specific-law-review-open,Country-specific foreign representative/DPO/contact requirement not yet verified,No compliance clearance from law-existence or provider listing; country-specific application remains open,WORLDWIDE_COVERAGE_FINDINGS.md#what-was-checked,no-country-row-territory-review-open,no-country-row-territory-review-open,no-country-row-territory-review-open,,2026-10-06,not-attested
ER,Eritrea,False,True,False,listed,listed,legislation-inventory-only,Country-specific foreign representative/DPO/contact requirement not yet verified,No compliance clearance from law-existence or provider listing; country-specific application remains open,WORLDWIDE_COVERAGE_FINDINGS.md#what-was-checked,No Legislation,No Data,No Legislation,2026-09-09,2026-10-06,not-attested
ES,Spain,False,True,True,listed,listed,EEA-framework-reviewed-national-extras-open,EEA representative if foreign targeting without exemption; DPO statutory and national triggers,GDPR health basis; processor and transfer safeguards; national health/DPO/language details open,WORLDWIDE_COVERAGE_FINDINGS.md#primary-markets-and-europe,Legislation,Legislation,Legislation,2026-09-09,2026-10-06,not-attested
ET,Ethiopia,False,True,False,listed,listed,legislation-inventory-only,Country-specific foreign representative/DPO/contact requirement not yet verified,No compliance clearance from law-existence or provider listing; country-specific application remains open,WORLDWIDE_COVERAGE_FINDINGS.md#what-was-checked,Legislation,Legislation,Legislation,2026-09-09,2026-10-06,not-attested
FI,Finland,False,True,True,listed,listed,EEA-framework-reviewed-national-extras-open,EEA representative if foreign targeting without exemption; DPO statutory and national triggers,GDPR health basis; processor and transfer safeguards; national health/DPO/language details open,WORLDWIDE_COVERAGE_FINDINGS.md#primary-markets-and-europe,Legislation,Legislation,Legislation,2026-09-09,2026-10-06,not-attested
FJ,Fiji,False,True,True,listed,listed,legislation-inventory-only,Country-specific foreign representative/DPO/contact requirement not yet verified,No compliance clearance from law-existence or provider listing; country-specific application remains open,WORLDWIDE_COVERAGE_FINDINGS.md#what-was-checked,No Legislation,No Legislation,Legislation,2026-09-09,2026-10-06,not-attested
FK,Falkland Islands (Malvinas),False,True,False,rest-of-world-list,not-available-in-table,territory-specific-law-review-open,Country-specific foreign representative/DPO/contact requirement not yet verified,No compliance clearance from law-existence or provider listing; country-specific application remains open,WORLDWIDE_COVERAGE_FINDINGS.md#what-was-checked,no-country-row-territory-review-open,no-country-row-territory-review-open,no-country-row-territory-review-open,,2026-10-06,not-attested
FM,Federated States of Micronesia,False,True,True,listed,listed,legislation-inventory-only,Country-specific foreign representative/DPO/contact requirement not yet verified,No compliance clearance from law-existence or provider listing; country-specific application remains open,WORLDWIDE_COVERAGE_FINDINGS.md#what-was-checked,No Legislation,No Legislation,No Legislation,2026-09-09,2026-10-06,not-attested
FO,Faroe Islands,False,True,False,not-individually-verified,not-individually-verified,territory-specific-law-review-open,Country-specific foreign representative/DPO/contact requirement not yet verified,No compliance clearance from law-existence or provider listing; country-specific application remains open,WORLDWIDE_COVERAGE_FINDINGS.md#what-was-checked,no-country-row-territory-review-open,no-country-row-territory-review-open,no-country-row-territory-review-open,,2026-10-06,not-attested
FR,France,False,True,True,listed,listed,national-requirements-reviewed-application-open,EEA representative if foreign targeting; DPO statutory triggers,Classify HDS hosting scope for actual clinical-record uploads; overseas safeguards,WORLDWIDE_COVERAGE_FINDINGS.md#primary-markets-and-europe,Legislation,Legislation,Legislation,2026-09-09,2026-10-06,not-attested
GA,Gabon,False,True,True,listed,listed,legislation-inventory-only,Country-specific foreign representative/DPO/contact requirement not yet verified,No compliance clearance from law-existence or provider listing; country-specific application remains open,WORLDWIDE_COVERAGE_FINDINGS.md#what-was-checked,Legislation,No Legislation,Legislation,2026-09-09,2026-10-06,not-attested
GB,United Kingdom,True,True,True,listed,listed,primary-requirements-reviewed-operator-facts-open,UK representative if foreign targeting and no exemption; DPO statutory triggers,UK health basis; IDTA/Addendum or applicable adequacy; actual operator establishment,WORLDWIDE_COVERAGE_FINDINGS.md#primary-markets-and-europe,Legislation,Legislation,Legislation,2026-09-09,2026-10-06,not-attested
GD,Grenada,False,True,True,listed,listed,legislation-inventory-only,Country-specific foreign representative/DPO/contact requirement not yet verified,No compliance clearance from law-existence or provider listing; country-specific application remains open,WORLDWIDE_COVERAGE_FINDINGS.md#what-was-checked,Legislation,Legislation,Legislation,2026-09-09,2026-10-06,not-attested
GE,Georgia,False,True,True,listed,listed,current-law-edition-check-open,Current representative and technical-means scope unresolved,Located English edition marked non-final; verify current law before clearance,WORLDWIDE_COVERAGE_FINDINGS.md#primary-markets-and-europe,Legislation,Legislation,Legislation,2026-09-09,2026-10-06,not-attested
GF,French Guiana,False,True,False,not-individually-verified,not-individually-verified,territory-specific-law-review-open,Country-specific foreign representative/DPO/contact requirement not yet verified,No compliance clearance from law-existence or provider listing; country-specific application remains open,WORLDWIDE_COVERAGE_FINDINGS.md#what-was-checked,no-country-row-territory-review-open,no-country-row-territory-review-open,no-country-row-territory-review-open,,2026-10-06,not-attested
GG,Guernsey,False,True,False,rest-of-world-list,not-available-in-table,territory-specific-law-review-open,Country-specific foreign representative/DPO/contact requirement not yet verified,No compliance clearance from law-existence or provider listing; country-specific application remains open,WORLDWIDE_COVERAGE_FINDINGS.md#what-was-checked,no-country-row-territory-review-open,no-country-row-territory-review-open,no-country-row-territory-review-open,,2026-10-06,not-attested
GH,Ghana,False,True,True,listed,listed,national-requirements-reviewed-application-open,Registration and responsible contact when Act scope applies,Foreign scope; health conditions; overseas safeguards,WORLDWIDE_COVERAGE_FINDINGS.md#middle-east-and-africa,Legislation,No Legislation,Legislation,2026-09-09,2026-10-06,not-attested
GI,Gibraltar,False,True,False,listed,listed,territory-specific-law-review-open,Country-specific foreign representative/DPO/contact requirement not yet verified,No compliance clearance from law-existence or provider listing; country-specific application remains open,WORLDWIDE_COVERAGE_FINDINGS.md#what-was-checked,no-country-row-territory-review-open,no-country-row-territory-review-open,no-country-row-territory-review-open,,2026-10-06,not-attested
GL,Greenland,False,True,False,not-individually-verified,not-individually-verified,territory-specific-law-review-open,Country-specific foreign representative/DPO/contact requirement not yet verified,No compliance clearance from law-existence or provider listing; country-specific application remains open,WORLDWIDE_COVERAGE_FINDINGS.md#what-was-checked,no-country-row-territory-review-open,no-country-row-territory-review-open,no-country-row-territory-review-open,,2026-10-06,not-attested
GM,Gambia,False,True,True,listed,listed,legislation-inventory-only,Country-specific foreign representative/DPO/contact requirement not yet verified,No compliance clearance from law-existence or provider listing; country-specific application remains open,WORLDWIDE_COVERAGE_FINDINGS.md#what-was-checked,Legislation,Legislation,Legislation,2026-09-09,2026-10-06,not-attested
GN,Guinea,False,True,False,listed,listed,legislation-inventory-only,Country-specific foreign representative/DPO/contact requirement not yet verified,No compliance clearance from law-existence or provider listing; country-specific application remains open,WORLDWIDE_COVERAGE_FINDINGS.md#what-was-checked,Legislation,Legislation,Legislation,2026-09-09,2026-10-06,not-attested
GP,Guadeloupe,False,False,False,not-individually-verified,not-individually-verified,territory-specific-law-review-open,Country-specific foreign representative/DPO/contact requirement not yet verified,No compliance clearance from law-existence or provider listing; country-specific application remains open,WORLDWIDE_COVERAGE_FINDINGS.md#what-was-checked,no-country-row-territory-review-open,no-country-row-territory-review-open,no-country-row-territory-review-open,,2026-10-06,not-attested
GQ,Equatorial Guinea,False,True,False,rest-of-world-list,not-available-in-table,legislation-inventory-only,Country-specific foreign representative/DPO/contact requirement not yet verified,No compliance clearance from law-existence or provider listing; country-specific application remains open,WORLDWIDE_COVERAGE_FINDINGS.md#what-was-checked,Legislation,No Legislation,No Legislation,2026-09-09,2026-10-06,not-attested
GR,Greece,False,True,True,listed,listed,EEA-framework-reviewed-national-extras-open,EEA representative if foreign targeting without exemption; DPO statutory and national triggers,GDPR health basis; processor and transfer safeguards; national health/DPO/language details open,WORLDWIDE_COVERAGE_FINDINGS.md#primary-markets-and-europe,Legislation,Legislation,Legislation,2026-09-09,2026-10-06,not-attested
GS,South Georgia and the South Sandwich Islands,False,True,False,rest-of-world-list,not-available-in-table,territory-specific-law-review-open,Country-specific foreign representative/DPO/contact requirement not yet verified,No compliance clearance from law-existence or provider listing; country-specific application remains open,WORLDWIDE_COVERAGE_FINDINGS.md#what-was-checked,no-country-row-territory-review-open,no-country-row-territory-review-open,no-country-row-territory-review-open,,2026-10-06,not-attested
GT,Guatemala,False,True,True,listed,listed,legislation-inventory-only,Country-specific foreign representative/DPO/contact requirement not yet verified,No compliance clearance from law-existence or provider listing; country-specific application remains open,WORLDWIDE_COVERAGE_FINDINGS.md#what-was-checked,Legislation,Legislation,Legislation,2026-09-09,2026-10-06,not-attested
GU,Guam,False,True,False,not-individually-verified,not-individually-verified,territory-specific-law-review-open,Country-specific foreign representative/DPO/contact requirement not yet verified,No compliance clearance from law-existence or provider listing; country-specific application remains open,WORLDWIDE_COVERAGE_FINDINGS.md#what-was-checked,no-country-row-territory-review-open,no-country-row-territory-review-open,no-country-row-territory-review-open,,2026-10-06,not-attested
GW,Guinea-Bissau,False,True,True,listed,listed,legislation-inventory-only,Country-specific foreign representative/DPO/contact requirement not yet verified,No compliance clearance from law-existence or provider listing; country-specific application remains open,WORLDWIDE_COVERAGE_FINDINGS.md#what-was-checked,No Legislation,No Legislation,No Legislation,2026-09-09,2026-10-06,not-attested
GY,Guyana,False,True,True,rest-of-world-list,not-available-in-table,legislation-inventory-only,Country-specific foreign representative/DPO/contact requirement not yet verified,No compliance clearance from law-existence or provider listing; country-specific application remains open,WORLDWIDE_COVERAGE_FINDINGS.md#what-was-checked,Legislation,Legislation,Legislation,2026-09-09,2026-10-06,not-attested
HK,Hong Kong,False,False,True,listed,listed,national-requirements-reviewed-provider-unlisted,PDPO controller/contact scope; Gemini unlisted,Distinct Hong Kong law; purpose limits and cloud processor security,WORLDWIDE_COVERAGE_FINDINGS.md#asia-and-pacific,no-country-row-territory-review-open,no-country-row-territory-review-open,no-country-row-territory-review-open,,2026-10-06,not-attested
HM,Heard Island and McDonald Islands,False,True,False,rest-of-world-list,not-available-in-table,territory-specific-law-review-open,Country-specific foreign representative/DPO/contact requirement not yet verified,No compliance clearance from law-existence or provider listing; country-specific application remains open,WORLDWIDE_COVERAGE_FINDINGS.md#what-was-checked,no-country-row-territory-review-open,no-country-row-territory-review-open,no-country-row-territory-review-open,,2026-10-06,not-attested
HN,Honduras,False,True,True,listed,listed,legislation-inventory-only,Country-specific foreign representative/DPO/contact requirement not yet verified,No compliance clearance from law-existence or provider listing; country-specific application remains open,WORLDWIDE_COVERAGE_FINDINGS.md#what-was-checked,Legislation,Legislation,Legislation,2026-09-09,2026-10-06,not-attested
HR,Croatia,False,True,True,listed,listed,EEA-framework-reviewed-national-extras-open,EEA representative if foreign targeting without exemption; DPO statutory and national triggers,GDPR health basis; processor and transfer safeguards; national health/DPO/language details open,WORLDWIDE_COVERAGE_FINDINGS.md#primary-markets-and-europe,Legislation,Legislation,Legislation,2026-09-09,2026-10-06,not-attested
HT,Haiti,False,True,False,listed,listed,legislation-inventory-only,Country-specific foreign representative/DPO/contact requirement not yet verified,No compliance clearance from law-existence or provider listing; country-specific application remains open,WORLDWIDE_COVERAGE_FINDINGS.md#what-was-checked,No Legislation,No Legislation,No Legislation,2026-09-09,2026-10-06,not-attested
HU,Hungary,False,True,True,listed,listed,EEA-framework-reviewed-national-extras-open,EEA representative if foreign targeting without exemption; DPO statutory and national triggers,GDPR health basis; processor and transfer safeguards; national health/DPO/language details open,WORLDWIDE_COVERAGE_FINDINGS.md#primary-markets-and-europe,Legislation,Legislation,Legislation,2026-09-09,2026-10-06,not-attested
ID,Indonesia,False,True,True,listed,listed,national-requirements-reviewed-application-open,PSE registration and current Article 53 DPO scope to resolve,Specific health data; Article 56 transfers; foreign private electronic-service scope,WORLDWIDE_COVERAGE_FINDINGS.md#asia-and-pacific,Legislation,Legislation,Legislation,2026-09-09,2026-10-06,not-attested
IE,Ireland,False,True,True,listed,listed,EEA-framework-reviewed-national-extras-open,EEA representative if foreign targeting without exemption; DPO statutory and national triggers,GDPR health basis; processor and transfer safeguards; national health/DPO/language details open,WORLDWIDE_COVERAGE_FINDINGS.md#primary-markets-and-europe,Legislation,Legislation,Legislation,2026-09-09,2026-10-06,not-attested
IL,Israel,False,True,True,listed,listed,current-law-change-identified-application-open,Current DPO/database trigger application unresolved,Amendment 13 active August 2025; draft guidance not treated as final,WORLDWIDE_COVERAGE_FINDINGS.md#middle-east-and-africa,Legislation,No Legislation,Legislation,2026-09-09,2026-10-06,not-attested
IM,Isle of Man,False,True,False,rest-of-world-list,not-available-in-table,territory-specific-law-review-open,Country-specific foreign representative/DPO/contact requirement not yet verified,No compliance clearance from law-existence or provider listing; country-specific application remains open,WORLDWIDE_COVERAGE_FINDINGS.md#what-was-checked,no-country-row-territory-review-open,no-country-row-territory-review-open,no-country-row-territory-review-open,,2026-10-06,not-attested
IN,India,True,True,True,listed,listed,primary-requirements-reviewed-operator-facts-open,Named grievance officer and CERT-In point of contact where applicable,SPDI; phased DPDP commencement; covered incident/log handling,WORLDWIDE_COVERAGE_FINDINGS.md#primary-markets-and-europe,Legislation,Legislation,Legislation,2026-09-09,2026-10-06,not-attested
IO,British Indian Ocean Territory,False,True,False,rest-of-world-list,not-available-in-table,territory-specific-law-review-open,Country-specific foreign representative/DPO/contact requirement not yet verified,No compliance clearance from law-existence or provider listing; country-specific application remains open,WORLDWIDE_COVERAGE_FINDINGS.md#what-was-checked,no-country-row-territory-review-open,no-country-row-territory-review-open,no-country-row-territory-review-open,,2026-10-06,not-attested
IQ,Iraq,False,True,True,listed,listed,legislation-inventory-only,Country-specific foreign representative/DPO/contact requirement not yet verified,No compliance clearance from law-existence or provider listing; country-specific application remains open,WORLDWIDE_COVERAGE_FINDINGS.md#what-was-checked,No Legislation,No Legislation,Draft Legislation,2026-09-09,2026-10-06,not-attested
IR,Islamic Republic of Iran,False,False,False,listed,not-available-in-table,legislation-inventory-only,Country-specific foreign representative/DPO/contact requirement not yet verified,No compliance clearance from law-existence or provider listing; country-specific application remains open,WORLDWIDE_COVERAGE_FINDINGS.md#what-was-checked,Legislation,Legislation,Legislation,2026-09-09,2026-10-06,not-attested
IS,Iceland,False,True,True,listed,listed,EEA-framework-reviewed-national-extras-open,EEA representative if foreign targeting without exemption; DPO statutory and national triggers,GDPR health basis; processor and transfer safeguards; national health/DPO/language details open,WORLDWIDE_COVERAGE_FINDINGS.md#primary-markets-and-europe,Legislation,Legislation,Legislation,2026-09-09,2026-10-06,not-attested
IT,Italy,True,True,True,listed,listed,primary-EEA-framework-reviewed-national-extras-open,EEA representative if foreign targeting without exemption; DPO statutory and national triggers,GDPR health basis; processor and transfer safeguards; national health/DPO/language details open,WORLDWIDE_COVERAGE_FINDINGS.md#primary-markets-and-europe,Legislation,Legislation,Legislation,2026-09-09,2026-10-06,not-attested
JE,Jersey,False,True,False,rest-of-world-list,not-available-in-table,territory-specific-law-review-open,Country-specific foreign representative/DPO/contact requirement not yet verified,No compliance clearance from law-existence or provider listing; country-specific application remains open,WORLDWIDE_COVERAGE_FINDINGS.md#what-was-checked,no-country-row-territory-review-open,no-country-row-territory-review-open,no-country-row-territory-review-open,,2026-10-06,not-attested
JM,Jamaica,False,True,True,listed,listed,legislation-inventory-only,Country-specific foreign representative/DPO/contact requirement not yet verified,No compliance clearance from law-existence or provider listing; country-specific application remains open,WORLDWIDE_COVERAGE_FINDINGS.md#what-was-checked,Legislation,No Legislation,Legislation,2026-09-09,2026-10-06,not-attested
JO,Jordan,False,True,True,listed,listed,national-requirements-reviewed-application-open,Article 11 DPO/registration trigger for covered sensitive processing,Law 24/2023 transition ended 2025; health-specific scope; transfers,WORLDWIDE_COVERAGE_FINDINGS.md#middle-east-and-africa,Legislation,Legislation,Legislation,2026-09-09,2026-10-06,not-attested
JP,Japan,False,True,True,listed,listed,national-requirements-reviewed-application-open,Accessible operator privacy contact; no blanket foreign local-representative mandate established,APPI special-care health consent and foreign-transfer information/safeguards,WORLDWIDE_COVERAGE_FINDINGS.md#asia-and-pacific,Legislation,Legislation,Legislation,2026-09-09,2026-10-06,not-attested
KE,Kenya,False,True,True,listed,listed,national-requirements-reviewed-application-open,Health-category registration and lawful processing responsibility need classification,Section 46 health responsibility/confidentiality; foreign scope; sensitive transfers,WORLDWIDE_COVERAGE_FINDINGS.md#middle-east-and-africa,Legislation,Legislation,Legislation,2026-09-09,2026-10-06,not-attested
KG,Kyrgyzstan,False,True,True,listed,listed,legislation-inventory-only,Country-specific foreign representative/DPO/contact requirement not yet verified,No compliance clearance from law-existence or provider listing; country-specific application remains open,WORLDWIDE_COVERAGE_FINDINGS.md#what-was-checked,Legislation,Legislation,Legislation,2026-09-09,2026-10-06,not-attested
KH,Cambodia,False,True,True,listed,listed,legislation-inventory-only,Country-specific foreign representative/DPO/contact requirement not yet verified,No compliance clearance from law-existence or provider listing; country-specific application remains open,WORLDWIDE_COVERAGE_FINDINGS.md#what-was-checked,Legislation,Legislation,Draft Legislation,2026-09-09,2026-10-06,not-attested
KI,Kiribati,False,True,False,rest-of-world-list,not-available-in-table,legislation-inventory-only,Country-specific foreign representative/DPO/contact requirement not yet verified,No compliance clearance from law-existence or provider listing; country-specific application remains open,WORLDWIDE_COVERAGE_FINDINGS.md#what-was-checked,No Legislation,Legislation,Legislation,2026-09-09,2026-10-06,not-attested
KM,Comoros,False,True,False,listed,listed,legislation-inventory-only,Country-specific foreign representative/DPO/contact requirement not yet verified,No compliance clearance from law-existence or provider listing; country-specific application remains open,WORLDWIDE_COVERAGE_FINDINGS.md#what-was-checked,No Legislation,No Legislation,No Legislation,2026-09-09,2026-10-06,not-attested
KN,Saint Kitts and Nevis,False,True,True,listed,listed,legislation-inventory-only,Country-specific foreign representative/DPO/contact requirement not yet verified,No compliance clearance from law-existence or provider listing; country-specific application remains open,WORLDWIDE_COVERAGE_FINDINGS.md#what-was-checked,Legislation,Draft Legislation,Legislation,2026-09-09,2026-10-06,not-attested
KP,Democratic People's Republic of Korea,False,False,False,not-individually-verified,not-individually-verified,legislation-inventory-only,Country-specific foreign representative/DPO/contact requirement not yet verified,No compliance clearance from law-existence or provider listing; country-specific application remains open,WORLDWIDE_COVERAGE_FINDINGS.md#what-was-checked,No Data,Legislation,Legislation,2026-09-09,2026-10-06,not-attested
KR,Republic of Korea,False,True,True,listed,listed,national-requirements-reviewed-application-open,Privacy responsible officer; domestic agent only when statutory thresholds apply,PIPA foreign scope; health consent; Article 28-8 transfers and consignment distinction,WORLDWIDE_COVERAGE_FINDINGS.md#asia-and-pacific,Legislation,Legislation,Legislation,2026-09-09,2026-10-06,not-attested
KW,Kuwait,False,True,True,listed,listed,legislation-inventory-only,Country-specific foreign representative/DPO/contact requirement not yet verified,No compliance clearance from law-existence or provider listing; country-specific application remains open,WORLDWIDE_COVERAGE_FINDINGS.md#what-was-checked,Legislation,Legislation,Legislation,2026-09-09,2026-10-06,not-attested
KY,Cayman Islands,False,True,True,listed,listed,territory-specific-law-review-open,Country-specific foreign representative/DPO/contact requirement not yet verified,No compliance clearance from law-existence or provider listing; country-specific application remains open,WORLDWIDE_COVERAGE_FINDINGS.md#what-was-checked,no-country-row-territory-review-open,no-country-row-territory-review-open,no-country-row-territory-review-open,,2026-10-06,not-attested
KZ,Kazakhstan,False,True,True,listed,listed,national-requirements-reviewed-application-open,National controller/contact and foreign scope need decision,Domestic database rule in Article 12 if covered; existing India arrangement not automatically cleared,WORLDWIDE_COVERAGE_FINDINGS.md#asia-and-pacific,Legislation,Legislation,Legislation,2026-09-09,2026-10-06,not-attested
LA,Lao People's Democratic Republic,False,True,True,listed,listed,legislation-inventory-only,Country-specific foreign representative/DPO/contact requirement not yet verified,No compliance clearance from law-existence or provider listing; country-specific application remains open,WORLDWIDE_COVERAGE_FINDINGS.md#what-was-checked,Legislation,Legislation,Legislation,2026-09-09,2026-10-06,not-attested
LB,Lebanon,False,True,True,listed,listed,legislation-inventory-only,Country-specific foreign representative/DPO/contact requirement not yet verified,No compliance clearance from law-existence or provider listing; country-specific application remains open,WORLDWIDE_COVERAGE_FINDINGS.md#what-was-checked,Legislation,Legislation,Legislation,2026-09-09,2026-10-06,not-attested
LC,Saint Lucia,False,True,True,listed,listed,legislation-inventory-only,Country-specific foreign representative/DPO/contact requirement not yet verified,No compliance clearance from law-existence or provider listing; country-specific application remains open,WORLDWIDE_COVERAGE_FINDINGS.md#what-was-checked,Legislation,No Legislation,Legislation,2026-09-09,2026-10-06,not-attested
LI,Liechtenstein,False,True,False,listed,listed,EEA-framework-reviewed-national-extras-open,EEA representative if foreign targeting without exemption; DPO statutory and national triggers,GDPR health basis; processor and transfer safeguards; national health/DPO/language details open,WORLDWIDE_COVERAGE_FINDINGS.md#primary-markets-and-europe,Legislation,Legislation,Legislation,2026-09-09,2026-10-06,not-attested
LK,Sri Lanka,False,True,True,listed,listed,national-commencement-reviewed-application-open,Officer/representative and separate provisions commencement need current-law decision,Sections 2-3 and Parts I/III start 1 January 2027 under July 2026 Gazette,WORLDWIDE_COVERAGE_FINDINGS.md#asia-and-pacific,Legislation,No Legislation,Legislation,2026-09-09,2026-10-06,not-attested
LR,Liberia,False,True,True,listed,listed,legislation-inventory-only,Country-specific foreign representative/DPO/contact requirement not yet verified,No compliance clearance from law-existence or provider listing; country-specific application remains open,WORLDWIDE_COVERAGE_FINDINGS.md#what-was-checked,No Legislation,No Data,Draft Legislation,2026-09-09,2026-10-06,not-attested
LS,Lesotho,False,True,False,rest-of-world-list,not-available-in-table,legislation-inventory-only,Country-specific foreign representative/DPO/contact requirement not yet verified,No compliance clearance from law-existence or provider listing; country-specific application remains open,WORLDWIDE_COVERAGE_FINDINGS.md#what-was-checked,Legislation,No Legislation,Legislation,2026-09-09,2026-10-06,not-attested
LT,Lithuania,False,True,True,listed,listed,EEA-framework-reviewed-national-extras-open,EEA representative if foreign targeting without exemption; DPO statutory and national triggers,GDPR health basis; processor and transfer safeguards; national health/DPO/language details open,WORLDWIDE_COVERAGE_FINDINGS.md#primary-markets-and-europe,Legislation,Legislation,Legislation,2026-09-09,2026-10-06,not-attested
LU,Luxembourg,False,True,True,listed,listed,EEA-framework-reviewed-national-extras-open,EEA representative if foreign targeting without exemption; DPO statutory and national triggers,GDPR health basis; processor and transfer safeguards; national health/DPO/language details open,WORLDWIDE_COVERAGE_FINDINGS.md#primary-markets-and-europe,Legislation,Legislation,Legislation,2026-09-09,2026-10-06,not-attested
LV,Latvia,False,True,True,listed,listed,EEA-framework-reviewed-national-extras-open,EEA representative if foreign targeting without exemption; DPO statutory and national triggers,GDPR health basis; processor and transfer safeguards; national health/DPO/language details open,WORLDWIDE_COVERAGE_FINDINGS.md#primary-markets-and-europe,Legislation,Legislation,Legislation,2026-09-09,2026-10-06,not-attested
LY,Libya,False,True,True,listed,listed,legislation-inventory-only,Country-specific foreign representative/DPO/contact requirement not yet verified,No compliance clearance from law-existence or provider listing; country-specific application remains open,WORLDWIDE_COVERAGE_FINDINGS.md#what-was-checked,No Legislation,No Legislation,Legislation,2026-09-09,2026-10-06,not-attested
MA,Morocco,False,True,True,listed,listed,national-requirements-reviewed-application-open,CNDP processing/transfer permission and contact where applicable,Foreign/technical-means scope; health authorization; underlying declaration and overseas approval,WORLDWIDE_COVERAGE_FINDINGS.md#middle-east-and-africa,Legislation,Legislation,Legislation,2026-09-09,2026-10-06,not-attested
MC,Monaco,False,True,False,listed,listed,legislation-inventory-only,Country-specific foreign representative/DPO/contact requirement not yet verified,No compliance clearance from law-existence or provider listing; country-specific application remains open,WORLDWIDE_COVERAGE_FINDINGS.md#what-was-checked,Legislation,No Legislation,Legislation,2026-09-09,2026-10-06,not-attested
MD,Moldova,False,True,True,listed,listed,current-law-change-identified-application-open,Current-law foreign representation/DPO scope not yet resolved,Law 195/2024 effective 23 August 2026; current statutory application required,WORLDWIDE_COVERAGE_FINDINGS.md#primary-markets-and-europe,Legislation,Legislation,Legislation,2026-09-09,2026-10-06,not-attested
ME,Montenegro,False,True,True,rest-of-world-list,not-available-in-table,legislation-inventory-only,Country-specific foreign representative/DPO/contact requirement not yet verified,No compliance clearance from law-existence or provider listing; country-specific application remains open,WORLDWIDE_COVERAGE_FINDINGS.md#what-was-checked,Legislation,Legislation,Legislation,2026-09-09,2026-10-06,not-attested
MF,Saint Martin (French part),False,False,False,not-individually-verified,not-individually-verified,territory-specific-law-review-open,Country-specific foreign representative/DPO/contact requirement not yet verified,No compliance clearance from law-existence or provider listing; country-specific application remains open,WORLDWIDE_COVERAGE_FINDINGS.md#what-was-checked,no-country-row-territory-review-open,no-country-row-territory-review-open,no-country-row-territory-review-open,,2026-10-06,not-attested
MG,Madagascar,False,True,True,rest-of-world-list,not-available-in-table,legislation-inventory-only,Country-specific foreign representative/DPO/contact requirement not yet verified,No compliance clearance from law-existence or provider listing; country-specific application remains open,WORLDWIDE_COVERAGE_FINDINGS.md#what-was-checked,Legislation,Legislation,Legislation,2026-09-09,2026-10-06,not-attested
MH,Marshall Islands,False,True,False,not-individually-verified,not-individually-verified,legislation-inventory-only,Country-specific foreign representative/DPO/contact requirement not yet verified,No compliance clearance from law-existence or provider listing; country-specific application remains open,WORLDWIDE_COVERAGE_FINDINGS.md#what-was-checked,No Legislation,No Data,No Legislation,2026-09-09,2026-10-06,not-attested
MK,North Macedonia,False,True,True,listed,listed,legislation-inventory-only,Country-specific foreign representative/DPO/contact requirement not yet verified,No compliance clearance from law-existence or provider listing; country-specific application remains open,WORLDWIDE_COVERAGE_FINDINGS.md#what-was-checked,Legislation,Legislation,Legislation,2026-09-09,2026-10-06,not-attested
ML,Mali,False,True,True,listed,listed,legislation-inventory-only,Country-specific foreign representative/DPO/contact requirement not yet verified,No compliance clearance from law-existence or provider listing; country-specific application remains open,WORLDWIDE_COVERAGE_FINDINGS.md#what-was-checked,Legislation,No Legislation,Legislation,2026-09-09,2026-10-06,not-attested
MM,Myanmar,False,False,True,listed,listed,legislation-inventory-only,Country-specific foreign representative/DPO/contact requirement not yet verified,No compliance clearance from law-existence or provider listing; country-specific application remains open,WORLDWIDE_COVERAGE_FINDINGS.md#what-was-checked,No Legislation,Legislation,Draft Legislation,2026-09-09,2026-10-06,not-attested
MN,Mongolia,False,True,True,listed,listed,legislation-inventory-only,Country-specific foreign representative/DPO/contact requirement not yet verified,No compliance clearance from law-existence or provider listing; country-specific application remains open,WORLDWIDE_COVERAGE_FINDINGS.md#what-was-checked,Legislation,Legislation,Legislation,2026-09-09,2026-10-06,not-attested
MO,Macao,False,False,True,listed,listed,provider-unlisted-national-law-review-open,Macao-specific contact and foreign scope unresolved,Gemini unlisted; do not inherit Hong Kong or mainland law,WORLDWIDE_COVERAGE_FINDINGS.md#asia-and-pacific,no-country-row-territory-review-open,no-country-row-territory-review-open,no-country-row-territory-review-open,,2026-10-06,not-attested
MP,Northern Mariana Islands,False,True,False,not-individually-verified,not-individually-verified,territory-specific-law-review-open,Country-specific foreign representative/DPO/contact requirement not yet verified,No compliance clearance from law-existence or provider listing; country-specific application remains open,WORLDWIDE_COVERAGE_FINDINGS.md#what-was-checked,no-country-row-territory-review-open,no-country-row-territory-review-open,no-country-row-territory-review-open,,2026-10-06,not-attested
MQ,Martinique,False,False,False,not-individually-verified,not-individually-verified,territory-specific-law-review-open,Country-specific foreign representative/DPO/contact requirement not yet verified,No compliance clearance from law-existence or provider listing; country-specific application remains open,WORLDWIDE_COVERAGE_FINDINGS.md#what-was-checked,no-country-row-territory-review-open,no-country-row-territory-review-open,no-country-row-territory-review-open,,2026-10-06,not-attested
MR,Mauritania,False,True,True,rest-of-world-list,not-available-in-table,legislation-inventory-only,Country-specific foreign representative/DPO/contact requirement not yet verified,No compliance clearance from law-existence or provider listing; country-specific application remains open,WORLDWIDE_COVERAGE_FINDINGS.md#what-was-checked,Legislation,No Data,Legislation,2026-09-09,2026-10-06,not-attested
MS,Montserrat,False,True,True,rest-of-world-list,not-available-in-table,territory-specific-law-review-open,Country-specific foreign representative/DPO/contact requirement not yet verified,No compliance clearance from law-existence or provider listing; country-specific application remains open,WORLDWIDE_COVERAGE_FINDINGS.md#what-was-checked,no-country-row-territory-review-open,no-country-row-territory-review-open,no-country-row-territory-review-open,,2026-10-06,not-attested
MT,Malta,False,True,True,listed,listed,EEA-framework-reviewed-national-extras-open,EEA representative if foreign targeting without exemption; DPO statutory and national triggers,GDPR health basis; processor and transfer safeguards; national health/DPO/language details open,WORLDWIDE_COVERAGE_FINDINGS.md#primary-markets-and-europe,Legislation,Legislation,Legislation,2026-09-09,2026-10-06,not-attested
MU,Mauritius,False,True,True,listed,listed,legislation-inventory-only,Country-specific foreign representative/DPO/contact requirement not yet verified,No compliance clearance from law-existence or provider listing; country-specific application remains open,WORLDWIDE_COVERAGE_FINDINGS.md#what-was-checked,Legislation,Legislation,Legislation,2026-09-09,2026-10-06,not-attested
MV,Maldives,False,True,True,listed,listed,legislation-inventory-only,Country-specific foreign representative/DPO/contact requirement not yet verified,No compliance clearance from law-existence or provider listing; country-specific application remains open,WORLDWIDE_COVERAGE_FINDINGS.md#what-was-checked,Draft Legislation,No Legislation,Legislation,2026-09-09,2026-10-06,not-attested
MW,Malawi,False,True,True,rest-of-world-list,not-available-in-table,legislation-inventory-only,Country-specific foreign representative/DPO/contact requirement not yet verified,No compliance clearance from law-existence or provider listing; country-specific application remains open,WORLDWIDE_COVERAGE_FINDINGS.md#what-was-checked,Legislation,No Legislation,Legislation,2026-09-09,2026-10-06,not-attested
MX,Mexico,False,True,True,listed,listed,national-requirements-reviewed-application-open,ARCO responsible person/department,Current 2025 law; valid written/electronic sensitive consent; transfers,WORLDWIDE_COVERAGE_FINDINGS.md#additional-americas,Legislation,Legislation,Legislation,2026-09-09,2026-10-06,not-attested
MY,Malaysia,False,True,True,listed,listed,national-requirements-reviewed-application-open,DPO/notification only when current volume or monitoring triggers apply,PDPA scope; sensitive consent; current section 129 transfer conditions,WORLDWIDE_COVERAGE_FINDINGS.md#asia-and-pacific,Legislation,Legislation,Legislation,2026-09-09,2026-10-06,not-attested
MZ,Mozambique,False,True,True,listed,listed,legislation-inventory-only,Country-specific foreign representative/DPO/contact requirement not yet verified,No compliance clearance from law-existence or provider listing; country-specific application remains open,WORLDWIDE_COVERAGE_FINDINGS.md#what-was-checked,No Legislation,Legislation,Legislation,2026-09-09,2026-10-06,not-attested
NA,Namibia,False,True,True,listed,listed,legislation-inventory-only,Country-specific foreign representative/DPO/contact requirement not yet verified,No compliance clearance from law-existence or provider listing; country-specific application remains open,WORLDWIDE_COVERAGE_FINDINGS.md#what-was-checked,Draft Legislation,No Legislation,Draft Legislation,2026-09-09,2026-10-06,not-attested
NC,New Caledonia,False,True,False,not-individually-verified,not-individually-verified,territory-specific-law-review-open,Country-specific foreign representative/DPO/contact requirement not yet verified,No compliance clearance from law-existence or provider listing; country-specific application remains open,WORLDWIDE_COVERAGE_FINDINGS.md#what-was-checked,no-country-row-territory-review-open,no-country-row-territory-review-open,no-country-row-territory-review-open,,2026-10-06,not-attested
NE,Niger,False,True,True,listed,listed,legislation-inventory-only,Country-specific foreign representative/DPO/contact requirement not yet verified,No compliance clearance from law-existence or provider listing; country-specific application remains open,WORLDWIDE_COVERAGE_FINDINGS.md#what-was-checked,Legislation,No Legislation,Legislation,2026-09-09,2026-10-06,not-attested
NF,Norfolk Island,False,True,False,rest-of-world-list,not-available-in-table,territory-specific-law-review-open,Country-specific foreign representative/DPO/contact requirement not yet verified,No compliance clearance from law-existence or provider listing; country-specific application remains open,WORLDWIDE_COVERAGE_FINDINGS.md#what-was-checked,no-country-row-territory-review-open,no-country-row-territory-review-open,no-country-row-territory-review-open,,2026-10-06,not-attested
NG,Nigeria,False,True,True,listed,listed,current-framework-change-identified-application-open,Final GAID major-importance/DPO/registration scope unresolved,Final 2025 GAID text needed; health and foreign scope; not consultation draft,WORLDWIDE_COVERAGE_FINDINGS.md#middle-east-and-africa,Legislation,No Legislation,Legislation,2026-09-09,2026-10-06,not-attested
NI,Nicaragua,False,True,True,listed,listed,legislation-inventory-only,Country-specific foreign representative/DPO/contact requirement not yet verified,No compliance clearance from law-existence or provider listing; country-specific application remains open,WORLDWIDE_COVERAGE_FINDINGS.md#what-was-checked,Legislation,No Legislation,Legislation,2026-09-09,2026-10-06,not-attested
NL,Netherlands,False,True,True,listed,listed,EEA-framework-reviewed-national-extras-open,EEA representative if foreign targeting without exemption; DPO statutory and national triggers,GDPR health basis; processor and transfer safeguards; national health/DPO/language details open,WORLDWIDE_COVERAGE_FINDINGS.md#primary-markets-and-europe,Legislation,Legislation,Legislation,2026-09-09,2026-10-06,not-attested
NO,Norway,False,True,True,listed,listed,EEA-framework-reviewed-national-extras-open,EEA representative if foreign targeting without exemption; DPO statutory and national triggers,GDPR health basis; processor and transfer safeguards; national health/DPO/language details open,WORLDWIDE_COVERAGE_FINDINGS.md#primary-markets-and-europe,Legislation,Legislation,Legislation,2026-09-09,2026-10-06,not-attested
NP,Nepal,False,True,True,listed,listed,legislation-inventory-only,Country-specific foreign representative/DPO/contact requirement not yet verified,No compliance clearance from law-existence or provider listing; country-specific application remains open,WORLDWIDE_COVERAGE_FINDINGS.md#what-was-checked,Legislation,Draft Legislation,Legislation,2026-09-09,2026-10-06,not-attested
NR,Naoero,False,True,True,rest-of-world-list,not-available-in-table,legislation-inventory-only,Country-specific foreign representative/DPO/contact requirement not yet verified,No compliance clearance from law-existence or provider listing; country-specific application remains open,WORLDWIDE_COVERAGE_FINDINGS.md#what-was-checked,No Legislation,No Legislation,Legislation,2026-09-09,2026-10-06,not-attested
NU,Niue,False,True,False,rest-of-world-list,not-available-in-table,territory-specific-law-review-open,Country-specific foreign representative/DPO/contact requirement not yet verified,No compliance clearance from law-existence or provider listing; country-specific application remains open,WORLDWIDE_COVERAGE_FINDINGS.md#what-was-checked,no-country-row-territory-review-open,no-country-row-territory-review-open,no-country-row-territory-review-open,,2026-10-06,not-attested
NZ,New Zealand,False,True,True,listed,listed,national-requirements-reviewed-application-open,Privacy officer; no blanket foreign local-representative mandate established,Carrying-on-business scope; health agency classification; IPP12; May 2026 code amendment,WORLDWIDE_COVERAGE_FINDINGS.md#asia-and-pacific,Legislation,Legislation,Legislation,2026-09-09,2026-10-06,not-attested
OM,Oman,False,True,True,listed,listed,national-requirements-reviewed-application-open,Covered health processing ministry permit and responsible contact need scope decision,Sensitive health/genetic permit; overseas safeguards; foreign scope,WORLDWIDE_COVERAGE_FINDINGS.md#middle-east-and-africa,Legislation,Legislation,Legislation,2026-09-09,2026-10-06,not-attested
PA,Panama,False,True,True,listed,listed,legislation-inventory-only,Country-specific foreign representative/DPO/contact requirement not yet verified,No compliance clearance from law-existence or provider listing; country-specific application remains open,WORLDWIDE_COVERAGE_FINDINGS.md#what-was-checked,Legislation,Legislation,Legislation,2026-09-09,2026-10-06,not-attested
PE,Peru,False,True,True,listed,listed,national-requirements-reviewed-application-open,Actual DPO phase/scale and bank registration need scope decision,Current March 2025 regulation; sensitive data; overseas handling,WORLDWIDE_COVERAGE_FINDINGS.md#additional-americas,Legislation,Legislation,Legislation,2026-09-09,2026-10-06,not-attested
PF,French Polynesia,False,False,False,not-individually-verified,not-individually-verified,territory-specific-law-review-open,Country-specific foreign representative/DPO/contact requirement not yet verified,No compliance clearance from law-existence or provider listing; country-specific application remains open,WORLDWIDE_COVERAGE_FINDINGS.md#what-was-checked,no-country-row-territory-review-open,no-country-row-territory-review-open,no-country-row-territory-review-open,,2026-10-06,not-attested
PG,Papua New Guinea,False,True,True,listed,listed,legislation-inventory-only,Country-specific foreign representative/DPO/contact requirement not yet verified,No compliance clearance from law-existence or provider listing; country-specific application remains open,WORLDWIDE_COVERAGE_FINDINGS.md#what-was-checked,No Legislation,No Legislation,Legislation,2026-09-09,2026-10-06,not-attested
PH,Philippines,False,True,True,listed,listed,national-requirements-reviewed-application-open,DPO; NPC registration/exemption and required official contact channels need scope decision,DPA/IRR; registration volume or risk trigger; sensitive consent and transfers,WORLDWIDE_COVERAGE_FINDINGS.md#asia-and-pacific,Legislation,Legislation,Legislation,2026-09-09,2026-10-06,not-attested
PK,Pakistan,False,True,True,listed,listed,draft-law-status-reviewed-other-duties-open,No enacted contact mandate inferred from draft bill; other law scope open,Ministry lists 2023 personal-data bill as draft; consumer/cybercrime/health duties still relevant,WORLDWIDE_COVERAGE_FINDINGS.md#asia-and-pacific,Draft Legislation,No Legislation,Legislation,2026-09-09,2026-10-06,not-attested
PL,Poland,False,True,True,listed,listed,EEA-framework-reviewed-national-extras-open,EEA representative if foreign targeting without exemption; DPO statutory and national triggers,GDPR health basis; processor and transfer safeguards; national health/DPO/language details open,WORLDWIDE_COVERAGE_FINDINGS.md#primary-markets-and-europe,Legislation,Legislation,Legislation,2026-09-09,2026-10-06,not-attested
PM,Saint Pierre and Miquelon,False,True,False,not-individually-verified,not-individually-verified,territory-specific-law-review-open,Country-specific foreign representative/DPO/contact requirement not yet verified,No compliance clearance from law-existence or provider listing; country-specific application remains open,WORLDWIDE_COVERAGE_FINDINGS.md#what-was-checked,no-country-row-territory-review-open,no-country-row-territory-review-open,no-country-row-territory-review-open,,2026-10-06,not-attested
PN,Pitcairn,False,True,False,rest-of-world-list,not-available-in-table,territory-specific-law-review-open,Country-specific foreign representative/DPO/contact requirement not yet verified,No compliance clearance from law-existence or provider listing; country-specific application remains open,WORLDWIDE_COVERAGE_FINDINGS.md#what-was-checked,no-country-row-territory-review-open,no-country-row-territory-review-open,no-country-row-territory-review-open,,2026-10-06,not-attested
PR,Puerto Rico,False,True,False,not-individually-verified,not-individually-verified,territory-specific-law-review-open,Country-specific foreign representative/DPO/contact requirement not yet verified,No compliance clearance from law-existence or provider listing; country-specific application remains open,WORLDWIDE_COVERAGE_FINDINGS.md#what-was-checked,no-country-row-territory-review-open,no-country-row-territory-review-open,no-country-row-territory-review-open,,2026-10-06,not-attested
PS,State of Palestine,False,True,False,rest-of-world-list,not-available-in-table,legislation-inventory-only,Country-specific foreign representative/DPO/contact requirement not yet verified,No compliance clearance from law-existence or provider listing; country-specific application remains open,WORLDWIDE_COVERAGE_FINDINGS.md#what-was-checked,No Legislation,No Legislation,No Legislation,2026-09-09,2026-10-06,not-attested
PT,Portugal,False,True,True,listed,listed,EEA-framework-reviewed-national-extras-open,EEA representative if foreign targeting without exemption; DPO statutory and national triggers,GDPR health basis; processor and transfer safeguards; national health/DPO/language details open,WORLDWIDE_COVERAGE_FINDINGS.md#primary-markets-and-europe,Legislation,Legislation,Legislation,2026-09-09,2026-10-06,not-attested
PW,Palau,False,True,True,not-individually-verified,not-individually-verified,legislation-inventory-only,Country-specific foreign representative/DPO/contact requirement not yet verified,No compliance clearance from law-existence or provider listing; country-specific application remains open,WORLDWIDE_COVERAGE_FINDINGS.md#what-was-checked,No Legislation,No Legislation,Legislation,2026-09-09,2026-10-06,not-attested
PY,Paraguay,False,True,True,listed,listed,legislation-inventory-only,Country-specific foreign representative/DPO/contact requirement not yet verified,No compliance clearance from law-existence or provider listing; country-specific application remains open,WORLDWIDE_COVERAGE_FINDINGS.md#what-was-checked,Legislation,Legislation,Legislation,2026-09-09,2026-10-06,not-attested
QA,Qatar,False,True,True,listed,listed,national-requirements-reviewed-application-open,Special-nature processing authority permission where in scope,Health-data permission/DPIA; statutory territorial scope,WORLDWIDE_COVERAGE_FINDINGS.md#middle-east-and-africa,Legislation,Legislation,Legislation,2026-09-09,2026-10-06,not-attested
RE,Réunion,False,True,False,not-individually-verified,not-individually-verified,territory-specific-law-review-open,Country-specific foreign representative/DPO/contact requirement not yet verified,No compliance clearance from law-existence or provider listing; country-specific application remains open,WORLDWIDE_COVERAGE_FINDINGS.md#what-was-checked,no-country-row-territory-review-open,no-country-row-territory-review-open,no-country-row-territory-review-open,,2026-10-06,not-attested
RO,Romania,False,True,True,listed,listed,EEA-framework-reviewed-national-extras-open,EEA representative if foreign targeting without exemption; DPO statutory and national triggers,GDPR health basis; processor and transfer safeguards; national health/DPO/language details open,WORLDWIDE_COVERAGE_FINDINGS.md#primary-markets-and-europe,Legislation,Legislation,Legislation,2026-09-09,2026-10-06,not-attested
RS,Serbia,False,True,True,listed,listed,national-requirements-reviewed-application-open,Foreign representative scope and large-scale health DPO test open,National scope; overseas mechanism; actual processing scale,WORLDWIDE_COVERAGE_FINDINGS.md#primary-markets-and-europe,Legislation,Legislation,Legislation,2026-09-09,2026-10-06,not-attested
RU,Russian Federation,False,False,True,listed,not-available-in-table,legislation-inventory-only,Country-specific foreign representative/DPO/contact requirement not yet verified,No compliance clearance from law-existence or provider listing; country-specific application remains open,WORLDWIDE_COVERAGE_FINDINGS.md#what-was-checked,Legislation,No Legislation,Legislation,2026-09-09,2026-10-06,not-attested
RW,Rwanda,False,True,True,listed,listed,national-requirements-reviewed-application-open,Local representative and controller/processor registration for covered foreign processing,Overseas storage and transfer authorization; actual regulator permission,WORLDWIDE_COVERAGE_FINDINGS.md#middle-east-and-africa,Legislation,No Legislation,Legislation,2026-09-09,2026-10-06,not-attested
SA,Saudi Arabia,False,True,True,listed,listed,national-requirements-reviewed-application-open,Current DPO/registration and foreign scope need decision,PDPL health safeguards; current overseas mechanism; no superseded blanket local rep rule asserted,WORLDWIDE_COVERAGE_FINDINGS.md#middle-east-and-africa,Legislation,Legislation,Legislation,2026-09-09,2026-10-06,not-attested
SB,Solomon Islands,False,True,True,listed,listed,legislation-inventory-only,Country-specific foreign representative/DPO/contact requirement not yet verified,No compliance clearance from law-existence or provider listing; country-specific application remains open,WORLDWIDE_COVERAGE_FINDINGS.md#what-was-checked,No Legislation,No Legislation,No Legislation,2026-09-09,2026-10-06,not-attested
SC,Seychelles,False,True,True,listed,listed,legislation-inventory-only,Country-specific foreign representative/DPO/contact requirement not yet verified,No compliance clearance from law-existence or provider listing; country-specific application remains open,WORLDWIDE_COVERAGE_FINDINGS.md#what-was-checked,Legislation,Legislation,Legislation,2026-09-09,2026-10-06,not-attested
SD,Sudan,False,True,False,listed,not-available-in-table,legislation-inventory-only,Country-specific foreign representative/DPO/contact requirement not yet verified,No compliance clearance from law-existence or provider listing; country-specific application remains open,WORLDWIDE_COVERAGE_FINDINGS.md#what-was-checked,No Legislation,No Legislation,Legislation,2026-09-09,2026-10-06,not-attested
SE,Sweden,False,True,True,listed,listed,EEA-framework-reviewed-national-extras-open,EEA representative if foreign targeting without exemption; DPO statutory and national triggers,GDPR health basis; processor and transfer safeguards; national health/DPO/language details open,WORLDWIDE_COVERAGE_FINDINGS.md#primary-markets-and-europe,Legislation,Legislation,Legislation,2026-09-09,2026-10-06,not-attested
SG,Singapore,False,True,True,listed,listed,national-requirements-reviewed-application-open,DPO and public accessible business contact where PDPA applies,Foreign scope; capable internal or outsourced officer; comparable overseas protection,WORLDWIDE_COVERAGE_FINDINGS.md#asia-and-pacific,Legislation,No Legislation,Legislation,2026-09-09,2026-10-06,not-attested
SH,"Saint Helena, Ascension and Tristan da Cunha",False,True,False,rest-of-world-list,not-available-in-table,territory-specific-law-review-open,Country-specific foreign representative/DPO/contact requirement not yet verified,No compliance clearance from law-existence or provider listing; country-specific application remains open,WORLDWIDE_COVERAGE_FINDINGS.md#what-was-checked,no-country-row-territory-review-open,no-country-row-territory-review-open,no-country-row-territory-review-open,,2026-10-06,not-attested
SI,Slovenia,False,True,True,listed,listed,EEA-framework-reviewed-national-extras-open,EEA representative if foreign targeting without exemption; DPO statutory and national triggers,GDPR health basis; processor and transfer safeguards; national health/DPO/language details open,WORLDWIDE_COVERAGE_FINDINGS.md#primary-markets-and-europe,Legislation,No Legislation,Legislation,2026-09-09,2026-10-06,not-attested
SJ,Svalbard and Jan Mayen,False,False,False,not-individually-verified,not-individually-verified,territory-specific-law-review-open,Country-specific foreign representative/DPO/contact requirement not yet verified,No compliance clearance from law-existence or provider listing; country-specific application remains open,WORLDWIDE_COVERAGE_FINDINGS.md#what-was-checked,no-country-row-territory-review-open,no-country-row-territory-review-open,no-country-row-territory-review-open,,2026-10-06,not-attested
SK,Slovakia,False,True,True,listed,listed,EEA-framework-reviewed-national-extras-open,EEA representative if foreign targeting without exemption; DPO statutory and national triggers,GDPR health basis; processor and transfer safeguards; national health/DPO/language details open,WORLDWIDE_COVERAGE_FINDINGS.md#primary-markets-and-europe,Legislation,No Legislation,Legislation,2026-09-09,2026-10-06,not-attested
SL,Sierra Leone,False,True,True,listed,listed,legislation-inventory-only,Country-specific foreign representative/DPO/contact requirement not yet verified,No compliance clearance from law-existence or provider listing; country-specific application remains open,WORLDWIDE_COVERAGE_FINDINGS.md#what-was-checked,No Legislation,No Legislation,Legislation,2026-09-09,2026-10-06,not-attested
SM,San Marino,False,True,False,listed,listed,legislation-inventory-only,Country-specific foreign representative/DPO/contact requirement not yet verified,No compliance clearance from law-existence or provider listing; country-specific application remains open,WORLDWIDE_COVERAGE_FINDINGS.md#what-was-checked,Legislation,No Data,Legislation,2026-09-09,2026-10-06,not-attested
SN,Senegal,False,True,True,listed,listed,legislation-inventory-only,Country-specific foreign representative/DPO/contact requirement not yet verified,No compliance clearance from law-existence or provider listing; country-specific application remains open,WORLDWIDE_COVERAGE_FINDINGS.md#what-was-checked,Legislation,Legislation,Legislation,2026-09-09,2026-10-06,not-attested
SO,Somalia,False,True,False,listed,listed,legislation-inventory-only,Country-specific foreign representative/DPO/contact requirement not yet verified,No compliance clearance from law-existence or provider listing; country-specific application remains open,WORLDWIDE_COVERAGE_FINDINGS.md#what-was-checked,Legislation,No Legislation,No Legislation,2026-09-09,2026-10-06,not-attested
SR,Suriname,False,True,True,listed,listed,legislation-inventory-only,Country-specific foreign representative/DPO/contact requirement not yet verified,No compliance clearance from law-existence or provider listing; country-specific application remains open,WORLDWIDE_COVERAGE_FINDINGS.md#what-was-checked,Legislation,Legislation,Legislation,2026-09-09,2026-10-06,not-attested
SS,South Sudan,False,True,False,rest-of-world-list,not-available-in-table,legislation-inventory-only,Country-specific foreign representative/DPO/contact requirement not yet verified,No compliance clearance from law-existence or provider listing; country-specific application remains open,WORLDWIDE_COVERAGE_FINDINGS.md#what-was-checked,No Legislation,No Legislation,Legislation,2026-09-09,2026-10-06,not-attested
ST,Sao Tome and Principe,False,True,True,rest-of-world-list,not-available-in-table,legislation-inventory-only,Country-specific foreign representative/DPO/contact requirement not yet verified,No compliance clearance from law-existence or provider listing; country-specific application remains open,WORLDWIDE_COVERAGE_FINDINGS.md#what-was-checked,Legislation,Legislation,Legislation,2026-09-09,2026-10-06,not-attested
SV,El Salvador,False,True,True,listed,listed,legislation-inventory-only,Country-specific foreign representative/DPO/contact requirement not yet verified,No compliance clearance from law-existence or provider listing; country-specific application remains open,WORLDWIDE_COVERAGE_FINDINGS.md#what-was-checked,Draft Legislation,Legislation,Legislation,2026-09-09,2026-10-06,not-attested
SX,Sint Maarten (Dutch part),False,False,False,not-individually-verified,not-individually-verified,territory-specific-law-review-open,Country-specific foreign representative/DPO/contact requirement not yet verified,No compliance clearance from law-existence or provider listing; country-specific application remains open,WORLDWIDE_COVERAGE_FINDINGS.md#what-was-checked,no-country-row-territory-review-open,no-country-row-territory-review-open,no-country-row-territory-review-open,,2026-10-06,not-attested
SY,Syrian Arab Republic,False,False,False,not-individually-verified,not-individually-verified,legislation-inventory-only,Country-specific foreign representative/DPO/contact requirement not yet verified,No compliance clearance from law-existence or provider listing; country-specific application remains open,WORLDWIDE_COVERAGE_FINDINGS.md#what-was-checked,Legislation,Legislation,Legislation,2026-09-09,2026-10-06,not-attested
SZ,Eswatini,False,True,True,rest-of-world-list,not-available-in-table,legislation-inventory-only,Country-specific foreign representative/DPO/contact requirement not yet verified,No compliance clearance from law-existence or provider listing; country-specific application remains open,WORLDWIDE_COVERAGE_FINDINGS.md#what-was-checked,Legislation,Legislation,Legislation,2026-09-09,2026-10-06,not-attested
TC,Turks and Caicos Islands,False,True,True,listed,listed,territory-specific-law-review-open,Country-specific foreign representative/DPO/contact requirement not yet verified,No compliance clearance from law-existence or provider listing; country-specific application remains open,WORLDWIDE_COVERAGE_FINDINGS.md#what-was-checked,no-country-row-territory-review-open,no-country-row-territory-review-open,no-country-row-territory-review-open,,2026-10-06,not-attested
TD,Chad,False,True,True,listed,listed,legislation-inventory-only,Country-specific foreign representative/DPO/contact requirement not yet verified,No compliance clearance from law-existence or provider listing; country-specific application remains open,WORLDWIDE_COVERAGE_FINDINGS.md#what-was-checked,Legislation,No Data,Legislation,2026-09-09,2026-10-06,not-attested
TF,French Southern Territories,False,False,False,rest-of-world-list,not-available-in-table,territory-specific-law-review-open,Country-specific foreign representative/DPO/contact requirement not yet verified,No compliance clearance from law-existence or provider listing; country-specific application remains open,WORLDWIDE_COVERAGE_FINDINGS.md#what-was-checked,no-country-row-territory-review-open,no-country-row-territory-review-open,no-country-row-territory-review-open,,2026-10-06,not-attested
TG,Togo,False,True,False,listed,listed,legislation-inventory-only,Country-specific foreign representative/DPO/contact requirement not yet verified,No compliance clearance from law-existence or provider listing; country-specific application remains open,WORLDWIDE_COVERAGE_FINDINGS.md#what-was-checked,Legislation,No Data,Legislation,2026-09-09,2026-10-06,not-attested
TH,Thailand,False,True,True,listed,listed,national-requirements-reviewed-application-open,Thai representative for covered foreign health processing; DPO for core section 26 processing,Sections 5 and 26; section 20 consent capacity; sections 37-41 exceptions; transfers; no imported large-scale qualifier for 41(3),WORLDWIDE_COVERAGE_FINDINGS.md#asia-and-pacific,Legislation,Legislation,Legislation,2026-09-09,2026-10-06,not-attested
TJ,Tajikistan,False,True,True,listed,listed,legislation-inventory-only,Country-specific foreign representative/DPO/contact requirement not yet verified,No compliance clearance from law-existence or provider listing; country-specific application remains open,WORLDWIDE_COVERAGE_FINDINGS.md#what-was-checked,Legislation,No Data,Legislation,2026-09-09,2026-10-06,not-attested
TK,Tokelau,False,True,False,rest-of-world-list,not-available-in-table,territory-specific-law-review-open,Country-specific foreign representative/DPO/contact requirement not yet verified,No compliance clearance from law-existence or provider listing; country-specific application remains open,WORLDWIDE_COVERAGE_FINDINGS.md#what-was-checked,no-country-row-territory-review-open,no-country-row-territory-review-open,no-country-row-territory-review-open,,2026-10-06,not-attested
TL,Timor-Leste,False,True,False,rest-of-world-list,not-available-in-table,legislation-inventory-only,Country-specific foreign representative/DPO/contact requirement not yet verified,No compliance clearance from law-existence or provider listing; country-specific application remains open,WORLDWIDE_COVERAGE_FINDINGS.md#what-was-checked,No Legislation,Legislation,Legislation,2026-09-09,2026-10-06,not-attested
TM,Turkmenistan,False,True,True,listed,listed,legislation-inventory-only,Country-specific foreign representative/DPO/contact requirement not yet verified,No compliance clearance from law-existence or provider listing; country-specific application remains open,WORLDWIDE_COVERAGE_FINDINGS.md#what-was-checked,Legislation,Legislation,Legislation,2026-09-09,2026-10-06,not-attested
TN,Tunisia,False,True,True,listed,listed,national-requirements-reviewed-application-open,INPDP health/transfer permissions and actual contact scope,Territorial scope; health category; foreign-transfer authority approval,WORLDWIDE_COVERAGE_FINDINGS.md#middle-east-and-africa,Legislation,Legislation,Legislation,2026-09-09,2026-10-06,not-attested
TO,Tonga,False,True,True,listed,listed,legislation-inventory-only,Country-specific foreign representative/DPO/contact requirement not yet verified,No compliance clearance from law-existence or provider listing; country-specific application remains open,WORLDWIDE_COVERAGE_FINDINGS.md#what-was-checked,No Legislation,No Data,Legislation,2026-09-09,2026-10-06,not-attested
TR,Türkiye,False,True,True,listed,listed,national-requirements-reviewed-application-open,Foreign representative/VERBIS duty needs scope decision,Reformed health and transfer rules; applicable contract filing,WORLDWIDE_COVERAGE_FINDINGS.md#primary-markets-and-europe,Legislation,Legislation,Legislation,2026-09-09,2026-10-06,not-attested
TT,Trinidad and Tobago,False,True,True,listed,listed,legislation-inventory-only,Country-specific foreign representative/DPO/contact requirement not yet verified,No compliance clearance from law-existence or provider listing; country-specific application remains open,WORLDWIDE_COVERAGE_FINDINGS.md#what-was-checked,Legislation,No Data,Legislation,2026-09-09,2026-10-06,not-attested
TV,Tuvalu,False,True,False,rest-of-world-list,not-available-in-table,legislation-inventory-only,Country-specific foreign representative/DPO/contact requirement not yet verified,No compliance clearance from law-existence or provider listing; country-specific application remains open,WORLDWIDE_COVERAGE_FINDINGS.md#what-was-checked,No Legislation,No Legislation,No Legislation,2026-09-09,2026-10-06,not-attested
TW,"Taiwan, Province of China",False,True,True,listed,listed,national-requirements-reviewed-application-open,Accessible controller contact; no blanket foreign local-representative clearance inferred,Article 6 health written-consent conditions; Article 51 foreign scope; amendment commencement,WORLDWIDE_COVERAGE_FINDINGS.md#asia-and-pacific,no-country-row-territory-review-open,no-country-row-territory-review-open,no-country-row-territory-review-open,,2026-10-06,not-attested
TZ,United Republic of Tanzania,False,True,True,listed,listed,legislation-inventory-only,Country-specific foreign representative/DPO/contact requirement not yet verified,No compliance clearance from law-existence or provider listing; country-specific application remains open,WORLDWIDE_COVERAGE_FINDINGS.md#what-was-checked,Legislation,Legislation,Legislation,2026-09-09,2026-10-06,not-attested
UA,Ukraine,False,True,True,listed,listed,legislation-inventory-only,Country-specific foreign representative/DPO/contact requirement not yet verified,No compliance clearance from law-existence or provider listing; country-specific application remains open,WORLDWIDE_COVERAGE_FINDINGS.md#what-was-checked,Legislation,Legislation,Legislation,2026-09-09,2026-10-06,not-attested
UG,Uganda,False,True,True,listed,listed,legislation-inventory-only,Country-specific foreign representative/DPO/contact requirement not yet verified,No compliance clearance from law-existence or provider listing; country-specific application remains open,WORLDWIDE_COVERAGE_FINDINGS.md#what-was-checked,Legislation,Legislation,Legislation,2026-09-09,2026-10-06,not-attested
UM,United States Minor Outlying Islands,False,True,False,rest-of-world-list,not-available-in-table,territory-specific-law-review-open,Country-specific foreign representative/DPO/contact requirement not yet verified,No compliance clearance from law-existence or provider listing; country-specific application remains open,WORLDWIDE_COVERAGE_FINDINGS.md#what-was-checked,no-country-row-territory-review-open,no-country-row-territory-review-open,no-country-row-territory-review-open,,2026-10-06,not-attested
US,United States,True,True,True,listed,listed,primary-requirements-reviewed-operator-facts-open,Responsible business/privacy contact; no blanket foreign local-representative duty established,FTC/HBNR; WA/NV/CT consumer health; MD sensitive-data necessity if in scope; other state scope,WORLDWIDE_COVERAGE_FINDINGS.md#primary-markets-and-europe,Legislation,Legislation,Legislation,2026-09-09,2026-10-06,not-attested
UY,Uruguay,False,True,True,listed,listed,legislation-inventory-only,Country-specific foreign representative/DPO/contact requirement not yet verified,No compliance clearance from law-existence or provider listing; country-specific application remains open,WORLDWIDE_COVERAGE_FINDINGS.md#what-was-checked,Legislation,Legislation,Legislation,2026-09-09,2026-10-06,not-attested
UZ,Uzbekistan,False,True,True,listed,listed,national-requirements-reviewed-application-open,Controller/contact and transfer mechanism need scope decision,March 2026 narrowed localization: biometrics/genetics/covered telecom; approved overseas route for other data,WORLDWIDE_COVERAGE_FINDINGS.md#asia-and-pacific,Legislation,Legislation,Legislation,2026-09-09,2026-10-06,not-attested
VA,Holy See (Vatican City State),False,True,False,listed,listed,legislation-inventory-only,Country-specific foreign representative/DPO/contact requirement not yet verified,No compliance clearance from law-existence or provider listing; country-specific application remains open,WORLDWIDE_COVERAGE_FINDINGS.md#what-was-checked,No Data,No Data,No Data,2026-09-09,2026-10-06,not-attested
VC,Saint Vincent and the Grenadines,False,True,True,rest-of-world-list,not-available-in-table,legislation-inventory-only,Country-specific foreign representative/DPO/contact requirement not yet verified,No compliance clearance from law-existence or provider listing; country-specific application remains open,WORLDWIDE_COVERAGE_FINDINGS.md#what-was-checked,Legislation,Legislation,Legislation,2026-09-09,2026-10-06,not-attested
VE,Venezuela,False,True,True,listed,listed,legislation-inventory-only,Country-specific foreign representative/DPO/contact requirement not yet verified,No compliance clearance from law-existence or provider listing; country-specific application remains open,WORLDWIDE_COVERAGE_FINDINGS.md#what-was-checked,No Legislation,No Data,Legislation,2026-09-09,2026-10-06,not-attested
VG,British Virgin Islands,False,True,True,listed,listed,territory-specific-law-review-open,Country-specific foreign representative/DPO/contact requirement not yet verified,No compliance clearance from law-existence or provider listing; country-specific application remains open,WORLDWIDE_COVERAGE_FINDINGS.md#what-was-checked,no-country-row-territory-review-open,no-country-row-territory-review-open,no-country-row-territory-review-open,,2026-10-06,not-attested
VI,U.S. Virgin Islands,False,True,False,not-individually-verified,not-individually-verified,territory-specific-law-review-open,Country-specific foreign representative/DPO/contact requirement not yet verified,No compliance clearance from law-existence or provider listing; country-specific application remains open,WORLDWIDE_COVERAGE_FINDINGS.md#what-was-checked,no-country-row-territory-review-open,no-country-row-territory-review-open,no-country-row-territory-review-open,,2026-10-06,not-attested
VN,Viet Nam,False,True,True,listed,listed,current-law-change-identified-application-open,Current responsible-function and implementing rules unresolved,Law 91/2025 effective 1 January 2026; current health and transfer-assessment rules,WORLDWIDE_COVERAGE_FINDINGS.md#asia-and-pacific,Legislation,Legislation,Legislation,2026-09-09,2026-10-06,not-attested
VU,Vanuatu,False,True,True,listed,listed,legislation-inventory-only,Country-specific foreign representative/DPO/contact requirement not yet verified,No compliance clearance from law-existence or provider listing; country-specific application remains open,WORLDWIDE_COVERAGE_FINDINGS.md#what-was-checked,No Legislation,No Data,Legislation,2026-09-09,2026-10-06,not-attested
WF,Wallis and Futuna,False,True,False,not-individually-verified,not-individually-verified,territory-specific-law-review-open,Country-specific foreign representative/DPO/contact requirement not yet verified,No compliance clearance from law-existence or provider listing; country-specific application remains open,WORLDWIDE_COVERAGE_FINDINGS.md#what-was-checked,no-country-row-territory-review-open,no-country-row-territory-review-open,no-country-row-territory-review-open,,2026-10-06,not-attested
WS,Samoa,False,True,False,listed,listed,legislation-inventory-only,Country-specific foreign representative/DPO/contact requirement not yet verified,No compliance clearance from law-existence or provider listing; country-specific application remains open,WORLDWIDE_COVERAGE_FINDINGS.md#what-was-checked,No Legislation,No Legislation,Legislation,2026-09-09,2026-10-06,not-attested
XK,Kosovo,False,True,True,rest-of-world-list,not-available-in-table,territory-specific-law-review-open,Country-specific foreign representative/DPO/contact requirement not yet verified,No compliance clearance from law-existence or provider listing; country-specific application remains open,WORLDWIDE_COVERAGE_FINDINGS.md#what-was-checked,no-country-row-territory-review-open,no-country-row-territory-review-open,no-country-row-territory-review-open,,2026-10-06,not-attested
YE,Yemen,False,True,True,listed,listed,legislation-inventory-only,Country-specific foreign representative/DPO/contact requirement not yet verified,No compliance clearance from law-existence or provider listing; country-specific application remains open,WORLDWIDE_COVERAGE_FINDINGS.md#what-was-checked,Legislation,Legislation,No Legislation,2026-09-09,2026-10-06,not-attested
YT,Mayotte,False,False,False,not-individually-verified,not-individually-verified,territory-specific-law-review-open,Country-specific foreign representative/DPO/contact requirement not yet verified,No compliance clearance from law-existence or provider listing; country-specific application remains open,WORLDWIDE_COVERAGE_FINDINGS.md#what-was-checked,no-country-row-territory-review-open,no-country-row-territory-review-open,no-country-row-territory-review-open,,2026-10-06,not-attested
ZA,South Africa,False,True,True,listed,listed,national-requirements-reviewed-application-open,Information officer/registration if POPIA scope applies,Domicile or local nontransit processing equipment; authorized health basis; section 72 transfers,WORLDWIDE_COVERAGE_FINDINGS.md#middle-east-and-africa,Legislation,Legislation,Legislation,2026-09-09,2026-10-06,not-attested
ZM,Zambia,False,True,True,listed,listed,legislation-inventory-only,Country-specific foreign representative/DPO/contact requirement not yet verified,No compliance clearance from law-existence or provider listing; country-specific application remains open,WORLDWIDE_COVERAGE_FINDINGS.md#what-was-checked,Legislation,Legislation,Legislation,2026-09-09,2026-10-06,not-attested
ZW,Zimbabwe,False,True,True,listed,listed,legislation-inventory-only,Country-specific foreign representative/DPO/contact requirement not yet verified,No compliance clearance from law-existence or provider listing; country-specific application remains open,WORLDWIDE_COVERAGE_FINDINGS.md#what-was-checked,Legislation,Legislation,Legislation,2026-09-09,2026-10-06,not-attested
